session_id,animal_id,raw,sorted,ibl_converted,raw_smartspim,stitched_smartspim,NG_link,Pen Side,Rec Side,Dye,status,NG Note,A-P category,Process note,Aligner,alignment_confidence,CB presence,IC presence,num of landmarks,scale_factor,alignment_notes
ecephys_713854_2024-03-05_12-01-40,713854,,091d54af-1f80-4621-b33f-87f95f269dcb,,,,,L,L,"DiD, same as next",Error,"no dye used for RH recordings; reconstruction based on damage to brain,
but seems pretty distinct",,,,,,,,,
ecephys_713854_2024-03-05_13-01-09,713854,,7e59b38e-c6d1-4ae4-8ba9-8949a66ea027,,,,,L,R,"DiD, same as previous",ValueError: Cannot get sorter name: sorting data are incomplete for sorted_data_asset_id='6528cb54-5660-4fcb-8e03-a0f2415e0fcc' (pipeline likely failed),"supposed to be DiD for this track, but not visible, so reconstruction is best
guess based on damage",,,,,,,,,
ecephys_713854_2024-03-05_13-31-20,713854,,81368013-4eda-4bff-b5a5-5af04aa71c7a,,,,,R,R,None,,not entirely confident about probe tip location,,,,,,,,,
ecephys_713854_2024-03-08_14-54-25,713854,,e195008f-70fa-4128-a36b-9605905aca66,,,,,R,R,None,,,,,,,,,,,
ecephys_713854_2024-03-08_15-43-01,713854,,cd0f10f8-0b38-4105-8907-3c4c79f33f92,,,,,R,R,None,,,,,,,,,,,
ecephys_713854_2024-03-08_16-20-33,713854,,d0ff9026-5cbf-4f39-938c-5221afb0f841,,,,,R,R,None,,,,,,,,,,,
ecephys_713854_2024-03-08_17-15-58,713854,,245a6da9-94ab-4ef6-a42c-9811d3b52423,,,,,R,R,None,,,,,,,,,,,
ecephys_717120_2024-03-06_12-23-53,717120,,ac62c59d-3f69-4095-a9f3-70d564f56471,,,,,,L,None,,,,,,,,,,,
ecephys_717120_2024-03-06_12-54-27,717120,,fab81e6a-a0f2-4771-98a0-b2a2f0639f69,,,,,,L,None,,,,,,,,,,,
ecephys_717120_2024-03-07_12-12-02,717120,,2f9b8826-f653-43a7-a617-13caf69114b2,,,,,,L,None,,,,,,,,,,,
behavior_716325_2024-05-29_10-33-32,716325,,c3d9b46b-fbdb-4e54-8414-6bbc6d912b1f,,309fefde-1ab7-4fdd-b1fc-9c398c6a2c90,bfdedba3-9b7e-4bf1-a76a-5290a38247ce,,R,R,Cm-DiI,No unit filtering for old sorting,,,,HH,,,,,,
behavior_716325_2024-05-30_11-33-46,716325,,bc671ca5-3665-46fb-92ca-ff946a6dffc8,,309fefde-1ab7-4fdd-b1fc-9c398c6a2c90,bfdedba3-9b7e-4bf1-a76a-5290a38247ce,,R,R,DiD,"No session folder, No unit filtering for old sorting",,,,HH,,,,,,
behavior_716325_2024-05-31_10-31-14,716325,,908c91c4-294d-48fc-893f-6b2a7bb3e34d,,309fefde-1ab7-4fdd-b1fc-9c398c6a2c90,bfdedba3-9b7e-4bf1-a76a-5290a38247ce,,L,L,"DiD, 2","Round 1 done, No unit filtering for old sorting",,,,HH,Low,Yes,No,1,TBD,checkboard; drifting; scale factor unknown
behavior_716325_2024-06-01_09-25-37,716325,,e1ec4626-d2b2-4bab-8997-4af2fd14236c,,309fefde-1ab7-4fdd-b1fc-9c398c6a2c90,bfdedba3-9b7e-4bf1-a76a-5290a38247ce,,L,L,Cm-DiI,No unit filtering for old sorting,,,,HH,,,,,,
behavior_717121_2024-06-11_10-23-31,717121,,ca3d59d6-ca49-4751-ad53-078371a7f7dc,,89e792e5-383a-46e1-9059-c0ac451bb967,1415493c-2d23-4f5e-a70a-ef99e067cf0c,https://tinyurl.com/bdc4z9e8,L,L,Cm-DiI,"Round 1 done, No unit filtering for old sorting",,,,ZS,,Yes,Yes,,,
behavior_717121_2024-06-13_12-21-20,717121,,a9bbf452-2147-4655-80eb-4ca4d139a226,,89e792e5-383a-46e1-9059-c0ac451bb967,1415493c-2d23-4f5e-a70a-ef99e067cf0c,https://tinyurl.com/bdc4z9e8,"5R, 2L",L,Cm-DiI,No unit filtering for old sorting,,,,ZS,,,,,,
behavior_717121_2024-06-14_10-23-49,717121,,2ad859c4-0130-4417-8a1f-e36eb984b007,,89e792e5-383a-46e1-9059-c0ac451bb967,1415493c-2d23-4f5e-a70a-ef99e067cf0c,https://tinyurl.com/bdc4z9e8,2L,L,DiD,No unit filtering for old sorting,,,,ZS,,,,,,
behavior_717121_2024-06-15_10-00-58,717121,,bb483e32-6421-47fc-8ee9-4262e75f143c,,89e792e5-383a-46e1-9059-c0ac451bb967,1415493c-2d23-4f5e-a70a-ef99e067cf0c,https://tinyurl.com/bdc4z9e8,L,L,DiD,"Round 1 done, No unit filtering for old sorting",,,,ZS,,Yes,Yes,,,
behavior_717121_2024-06-16_11-45-02,717121,,06bfe90d-35a8-46c3-8b27-a9821dade4f2,,89e792e5-383a-46e1-9059-c0ac451bb967,1415493c-2d23-4f5e-a70a-ef99e067cf0c,https://tinyurl.com/bdc4z9e8,L,L,Cm-DiI,"Round 1 done, No unit filtering for old sorting", ,,,ZS,,Yes,Yes,,,
behavior_751004_2024-12-19_11-50-37,751004,6a79f315-8bea-4100-a20d-f049537619af,f2879d04-4e08-4379-8d5b-bd79779a589c,,dd05d1d7-e9cc-4444-b167-ce037303c822,da3617f5-8e2f-4010-80cd-818510c89b8e,https://tinyurl.com/3akaeues,2L,L,cm-DiI,AP flip,"deepest track; most lateral; overlap with 1223, but overall fairly confident ",,,HH,,,,,,
behavior_751004_2024-12-20_13-26-11,751004,04f9127c-c844-4d22-b1af-3864dc6dc8b4,74894e74-9057-45bb-a318-1dfaa28f38a8,,dd05d1d7-e9cc-4444-b167-ce037303c822,da3617f5-8e2f-4010-80cd-818510c89b8e,https://tinyurl.com/3akaeues,3R,R,cm-DiI,AP flip,high confidence,,,HH,,,,,,
behavior_751004_2024-12-21_13-28-28,751004,019cab81-ad4e-45e7-ba9b-8dac12480323,ba67f1a1-44a7-4f99-8a4d-13a64cd9f0e8,,dd05d1d7-e9cc-4444-b167-ce037303c822,da3617f5-8e2f-4010-80cd-818510c89b8e,https://tinyurl.com/3akaeues,R,R,DiD,"AP flip, LR opposite, fixed",high confidence,,,HH,,,,,,
behavior_751004_2024-12-22_13-09-17,751004,1d0ed8bd-6b36-4c19-a8a4-dcb757abba8b,bc6b4df0-83db-4ba5-aa53-9596fa5a318e,,dd05d1d7-e9cc-4444-b167-ce037303c822,da3617f5-8e2f-4010-80cd-818510c89b8e,https://tinyurl.com/3akaeues,L,L,DiD,AP flip,high confidence,,,HH,,,,,,
behavior_751004_2024-12-23_14-20-03,751004,414a1912-d365-465a-83e0-f613c95c0c70,244fcaa9-14dd-4a0b-bd29-32cf6ef6faf2,,dd05d1d7-e9cc-4444-b167-ce037303c822,da3617f5-8e2f-4010-80cd-818510c89b8e,https://tinyurl.com/3akaeues,L,L,cm-DiI,AP flip,"overlap with 1219 recording, but fairly confident that it's correct; most medial and posterior track ",,,HH,,,,,,
behavior_751769_2025-01-16_11-32-05,751769,e08f98e9-7319-4aa1-993e-e28e69604f5b,a19ec68a-a660-44f2-a181-15c91794cbd2,,701f35c1-3078-4ff5-bb53-f76b34b7ecbf,1eb78c64-c230-432d-b615-40a6c0f98954,https://tinyurl.com/nzm4jxuk,R,R,cm-DiI,AP flip,high confidence,,high confidence,ZS,,,,,,
behavior_751769_2025-01-17_11-37-39,751769,a4dae472-9a9b-4bd7-a920-9691a69869dc,2386f052-aeea-4834-8f82-ac87015b5e40,,701f35c1-3078-4ff5-bb53-f76b34b7ecbf,1eb78c64-c230-432d-b615-40a6c0f98954,https://tinyurl.com/nzm4jxuk,L,L,cm-DiI,AP flip,high confidence,,high confidence,ZS,,,,,,
behavior_751769_2025-01-18_10-15-25,751769,5a341fc5-eb96-4f7d-9de5-99a99a41a83b,f314f755-6e4a-419e-b0c5-ea65b9d026af,,701f35c1-3078-4ff5-bb53-f76b34b7ecbf,1eb78c64-c230-432d-b615-40a6c0f98954,https://tinyurl.com/nzm4jxuk,L,L,cm-DiD,AP flip,high confidence,,high confidence,ZS,,,,,,
behavior_751766_2025-02-11_11-53-38,751766,1c088c3b-9448-4154-8fa2-11951c98cd35,1cc50ea6-a47a-4385-a1f6-0c7a435d5f78,0bb6e918-f2c0-4e2e-b909-924c28690768,d2d8c91e-ad90-4265-93de-d85b76b63e84,56a653a1-2cdb-4854-b473-408b4c04fe4f,https://tinyurl.com/547t3xdx,2L,L,cm-DiI,"Conversion fixed
",high confidence,,,HH,,,,,,
behavior_751766_2025-02-13_11-31-21,751766,e9b33712-d39e-41d1-af69-5913f9d17250,3253d0d2-7b36-4587-8926-8a97a32b8579,0bb6e918-f2c0-4e2e-b909-924c28690768,d2d8c91e-ad90-4265-93de-d85b76b63e84,56a653a1-2cdb-4854-b473-408b4c04fe4f,https://tinyurl.com/547t3xdx,R,R,cm-DiI,Round 1 done,high confidence,,,HH,Medium,Yes,Yes,2,TBD,"Putative upper and lower boundaries of Cerebellum with 0.77 scale factor, but overall scaling factor undetermined"
behavior_751766_2025-02-14_11-37-11,751766,15579857-ae7f-4621-ab7d-17eb65144e10,aa75deb4-3218-4575-bdda-4ecc79791998,0bb6e918-f2c0-4e2e-b909-924c28690768,d2d8c91e-ad90-4265-93de-d85b76b63e84,56a653a1-2cdb-4854-b473-408b4c04fe4f,https://tinyurl.com/547t3xdx,R,R,cm-DiD,Round 1 done,high confidence,,,HH,Medium,Yes,Yes,2,TBD,"Putative upper and lower boundaries of Cerebellum with 0.86 scale factor, but overall scaling factor undetermined"
behavior_751766_2025-02-15_12-08-11,751766,c235d536-a2c0-443c-bb79-a7f613b210be,5d467871-68ec-494b-8df8-653ae21c42f6,no sorting,d2d8c91e-ad90-4265-93de-d85b76b63e84,56a653a1-2cdb-4854-b473-408b4c04fe4f,https://tinyurl.com/547t3xdx,L,L,cm-DiD,LFP added,high confidence,,,HH,,,,,,
behavior_758017_2025-02-04_11-57-38,758017,75f7920a-17c9-4e0c-8259-aee69e0544b2,c22f4d4e-12aa-4ad1-82ed-1301c279c270,fbc77376-1aa7-4a15-8757-26e1cbf4ddb1,9f048dd3-b514-4721-a9c0-5923f1a5449a,726757d2-8a09-4210-9cb8-a30f47160d87,https://tinyurl.com/5f74u8tx,L,L,cm-DiI,Round 2 done,high confidence,,,ZS,,Yes,Yes,2,,
behavior_758017_2025-02-05_11-42-34,758017,b4263e0d-c566-440e-9f82-f617b46adcd4,25c90e73-2455-490b-a58b-9a354c37244e,fbc77376-1aa7-4a15-8757-26e1cbf4ddb1,9f048dd3-b514-4721-a9c0-5923f1a5449a,726757d2-8a09-4210-9cb8-a30f47160d87,https://tinyurl.com/5f74u8tx,R,R,cm-DiI,Round 2 done,high confidence,,,ZS,,Yes,Yes,2,,
behavior_758017_2025-02-06_11-26-14,758017,a87270c0-16f7-4f7d-b086-1c9feacb00fc,1c147ab8-4465-4684-bc58-448f9ba6a7aa,fbc77376-1aa7-4a15-8757-26e1cbf4ddb1,9f048dd3-b514-4721-a9c0-5923f1a5449a,726757d2-8a09-4210-9cb8-a30f47160d87,https://tinyurl.com/5f74u8tx,R,R,cm-DiD,Round 2 done,high confidence,,,ZS,,Yes,Yes,2,,
behavior_758017_2025-02-07_14-11-08,758017,80bed534-acda-40c9-b5a7-afba77b3e8d0,1a1d2f68-72a5-4b62-acab-41dfd94f9b7f,fbc77376-1aa7-4a15-8757-26e1cbf4ddb1,9f048dd3-b514-4721-a9c0-5923f1a5449a,726757d2-8a09-4210-9cb8-a30f47160d87,https://tinyurl.com/5f74u8tx,L,L,cm-DiD,Round 2 done,high confidence,,,ZS,,Yes,Yes,2,,
behavior_751181_2025-02-25_12-12-35,751181,15ea1711-625b-4e3f-887e-589e03fc7ebc,6488efdd-ba29-4dca-b040-389e8566e917,94dba998-2bee-4e58-8069-4eaa5c4d552c,a284874c-93df-479e-a5d0-2f82bb423977,45390d6f-807b-4e49-9deb-ac37e63bf278,https://tinyurl.com/5eezpwa4,"1R, 2L",L,cm-DiI,"Conversion fixed
",recording track more lateral; fairly high confidence ,,,HH,,,,,,
behavior_751181_2025-02-26_11-51-19,751181,1ce38424-f3cd-434c-b0af-18d3d0179cf1,bde95604-9cb4-4e1d-ae90-fc76dcc69ce4,94dba998-2bee-4e58-8069-4eaa5c4d552c,a284874c-93df-479e-a5d0-2f82bb423977,45390d6f-807b-4e49-9deb-ac37e63bf278,https://tinyurl.com/5eezpwa4,L,L,cm-DiD,Round 1 done,faint dye; medium confidence,,not vert sure,HH,High,Yes,Yes,3,0.92,Note LFP 10-30 vs 80-200; large spk amp in IC
behavior_751181_2025-02-27_11-24-47,751181,c3a218ea-bea0-4ba5-9a95-4b8353340cad,ad291c3a-bf5e-4d03-af52-e59d0b183538,94dba998-2bee-4e58-8069-4eaa5c4d552c,a284874c-93df-479e-a5d0-2f82bb423977,45390d6f-807b-4e49-9deb-ac37e63bf278,https://tinyurl.com/5eezpwa4,R,R,cm-DiD,Round 1 done,faint probe track at surface; medium confidence,,,HH,Medium,Yes,Yes,2,TBD,X-shape LFP corr in pons; weird warping
behavior_754897_2025-03-11_12-07-41,754897,f360b4fd-88d5-4676-9770-5a3e94becc1d,fc77e40e-8fa8-4bd5-8eb3-c73fbad43713,24741e12-8cdc-4e60-a968-7f9661b4a746,5f791423-c74c-4e66-8743-c9ccefa85912,df465214-d58d-4af2-b796-948b85ab3fca,https://neuroglancer-demo.appspot.com/#!%7B%22title%22:%22754897%22%2C%22dimensions%22:%7B%22z%22:%5B0.000002%2C%22m%22%5D%2C%22y%22:%5B0.0000018%2C%22m%22%5D%2C%22x%22:%5B0.0000018%2C%22m%22%5D%2C%22t%22:%5B0.001%2C%22s%22%5D%7D%2C%22position%22:%5B1541.9517822265625%2C6876%2C4357.86572265625%2C0%5D%2C%22crossSectionOrientation%22:%5B0.5%2C0.5%2C-0.5%2C0.5%5D%2C%22crossSectionScale%22:6.43255127384479%2C%22projectionScale%22:16384%2C%22layers%22:%5B%7B%22type%22:%22image%22%2C%22source%22:%22s3://aind-open-data/SmartSPIM_754897_2025-05-20_16-34-41_stitched_2025-05-24_11-21-14/image_tile_fusing/OMEZarr/Ex_488_Em_525.zarr%22%2C%22localDimensions%22:%7B%22c%27%22:%5B1%2C%22%22%5D%7D%2C%22localPosition%22:%5B0%5D%2C%22tab%22:%22source%22%2C%22opacity%22:1%2C%22blend%22:%22additive%22%2C%22shader%22:%22#uicontrol%20vec3%20color%20color%28default=%5C%22#92ff42%5C%22%29%5Cn#uicontrol%20invlerp%20normalized%5Cnvoid%20main%28%29%20%7B%5CnemitRGB%28color%20%2A%20normalized%28%29%29%3B%5Cn%7D%22%2C%22shaderControls%22:%7B%22normalized%22:%7B%22range%22:%5B0%2C2063%5D%2C%22window%22:%5B0%2C3095%5D%7D%7D%2C%22name%22:%22Ex_488_Em_525.zarr%22%2C%22visible%22:false%7D%2C%7B%22type%22:%22image%22%2C%22source%22:%22s3://aind-open-data/SmartSPIM_754897_2025-05-20_16-34-41_stitched_2025-05-24_11-21-14/image_tile_fusing/OMEZarr/Ex_561_Em_593.zarr%22%2C%22localDimensions%22:%7B%22c%27%22:%5B1%2C%22%22%5D%7D%2C%22localPosition%22:%5B0%5D%2C%22tab%22:%22rendering%22%2C%22opacity%22:1%2C%22blend%22:%22additive%22%2C%22shader%22:%22#uicontrol%20vec3%20color%20color%28default=%5C%22#f15f22%5C%22%29%5Cn#uicontrol%20invlerp%20normalized%5Cnvoid%20main%28%29%20%7B%5CnemitRGB%28color%20%2A%20normalized%28%29%29%3B%5Cn%7D%22%2C%22shaderControls%22:%7B%22normalized%22:%7B%22range%22:%5B0%2C1274%5D%2C%22window%22:%5B0%2C1912%5D%7D%7D%2C%22name%22:%22Ex_561_Em_593.zarr%22%7D%2C%7B%22type%22:%22image%22%2C%22source%22:%22s3://aind-open-data/SmartSPIM_754897_2025-05-20_16-34-41_stitched_2025-05-24_11-21-14/image_tile_fusing/OMEZarr/Ex_639_Em_667.zarr%22%2C%22localDimensions%22:%7B%22c%27%22:%5B1%2C%22%22%5D%7D%2C%22localPosition%22:%5B0%5D%2C%22tab%22:%22rendering%22%2C%22opacity%22:1%2C%22blend%22:%22additive%22%2C%22shader%22:%22#uicontrol%20vec3%20color%20color%28default=%5C%22#c51e1f%5C%22%29%5Cn#uicontrol%20invlerp%20normalized%5Cnvoid%20main%28%29%20%7B%5CnemitRGB%28color%20%2A%20normalized%28%29%29%3B%5Cn%7D%22%2C%22shaderControls%22:%7B%22normalized%22:%7B%22range%22:%5B0%2C530%5D%2C%22window%22:%5B0%2C795%5D%7D%7D%2C%22name%22:%22Ex_639_Em_667.zarr%22%2C%22visible%22:false%7D%2C%7B%22type%22:%22annotation%22%2C%22source%22:%7B%22url%22:%22local://annotations%22%2C%22transform%22:%7B%22outputDimensions%22:%7B%22z%22:%5B0.000002%2C%22m%22%5D%2C%22y%22:%5B0.0000018%2C%22m%22%5D%2C%22x%22:%5B0.0000018%2C%22m%22%5D%2C%22t%22:%5B0.001%2C%22s%22%5D%7D%7D%7D%2C%22tool%22:%22annotatePoint%22%2C%22tab%22:%22annotations%22%2C%22annotations%22:%5B%7B%22point%22:%5B649.3365478515625%2C4416%2C805.8464965820312%2C0%5D%2C%22type%22:%22point%22%2C%22id%22:%22ab25066bce4ecb8769914d22e0fedefa9c3cd573%22%7D%2C%7B%22point%22:%5B1157.9996337890625%2C6569.60546875%2C4203.681640625%2C0%5D%2C%22type%22:%22point%22%2C%22id%22:%220b6426df95d18c4beb5f9eae4156adffca51e947%22%7D%2C%7B%22point%22:%5B1152.9998779296875%2C6569.60546875%2C4203.962890625%2C0%5D%2C%22type%22:%22point%22%2C%22id%22:%22929366d562d5490f111c9eb51f4235602c68709d%22%7D%2C%7B%22point%22:%5B1144.9998779296875%2C6568.3759765625%2C4203.89111328125%2C0%5D%2C%22type%22:%22point%22%2C%22id%22:%22285d3aba588d18c6344cf16198427a5ec4783f0f%22%7D%2C%7B%22point%22:%5B1135.9998779296875%2C6573.29296875%2C4204.17822265625%2C0%5D%2C%22type%22:%22point%22%2C%22id%22:%22028beeec1f4f94fda97882c05abb5d75694f977b%22%7D%2C%7B%22point%22:%5B1126.9998779296875%2C6573.36474609375%2C4202.94921875%2C0%5D%2C%22type%22:%22point%22%2C%22id%22:%22bfb76e6b952a0995cfe2b080221a8edde20c6781%22%7D%2C%7B%22point%22:%5B1116.9998779296875%2C6581.96875%2C4203.45263671875%2C0%5D%2C%22type%22:%22point%22%2C%22id%22:%22ccbabe825c61067acdc42ce94080d0ffb0dfdd51%22%7D%2C%7B%22point%22:%5B1107%2C6576.90869140625%2C4205.623046875%2C0%5D%2C%22type%22:%22point%22%2C%22id%22:%225f06d546e7913759e7142d4b79cb4133b8c1c0c7%22%7D%2C%7B%22point%22:%5B1098%2C6577.05224609375%2C4203.1650390625%2C0%5D%2C%22type%22:%22point%22%2C%22id%22:%22e44b30738f12e1663bb95084788ef1b81ef01d1f%22%7D%2C%7B%22point%22:%5B1087.9998779296875%2C6585.728515625%2C4202.43896484375%2C0%5D%2C%22type%22:%22point%22%2C%22id%22:%223632659d59dbe122861b36a4603ec27a7987ad8a%22%7D%2C%7B%22point%22:%5B1077.9998779296875%2C6585.65625%2C4203.66845703125%2C0%5D%2C%22type%22:%22point%22%2C%22id%22:%22516f8e863bd3a685b03d6052ccacbfc43c660502%22%7D%2C%7B%22point%22:%5B1069.9998779296875%2C6588.1865234375%2C4202.5830078125%2C0%5D%2C%22type%22:%22point%22%2C%22id%22:%2234e06047f66cac970722effbed2a2dc1d6af8ec3%22%7D%2C%7B%22point%22:%5B1062%2C6590.64501953125%2C4202.7265625%2C0%5D%2C%22type%22:%22point%22%2C%22id%22:%2217d7dfa4ffb8a76b0f9d90f86a27e3d5f828bb0c%22%7D%2C%7B%22point%22:%5B1057%2C6590.64501953125%2C4202.7265625%2C0%5D%2C%22type%22:%22point%22%2C%22id%22:%221017923c89c8cd185ce459de2755daebb1fe6b38%22%7D%2C%7B%22point%22:%5B1051.9998779296875%2C6590.64501953125%2C4202.7265625%2C0%5D%2C%22type%22:%22point%22%2C%22id%22:%222370715e4e9d769c021d735dfdcdf023daf72e65%22%7D%2C%7B%22point%22:%5B1046.9998779296875%2C6590.64501953125%2C4202.7265625%2C0%5D%2C%22type%22:%22point%22%2C%22id%22:%228c08441498a42401d30d03bdc3a0417ddecbf288%22%7D%2C%7B%22point%22:%5B942.9998168945312%2C6620.02392578125%2C4203.7783203125%2C0%5D%2C%22type%22:%22point%22%2C%22id%22:%2202b6a861524e53b20cbacd5269f2208512add095%22%7D%2C%7B%22point%22:%5B882.9998779296875%2C6627.3271484375%2C4205.4384765625%2C0%5D%2C%22type%22:%22point%22%2C%22id%22:%22a18f32f52881e26ae081a5d98acb87e57815f3a3%22%7D%2C%7B%22point%22:%5B822.9998779296875%2C6647.42529296875%2C4199.2138671875%2C0%5D%2C%22type%22:%22point%22%2C%22id%22:%221d4139aeeb4f58f6f485bd06d50dbc734a64f74c%22%7D%2C%7B%22point%22:%5B762.9998168945312%2C6655.2314453125%2C4192.27001953125%2C0%5D%2C%22type%22:%22point%22%2C%22id%22:%220ac69be554c43d9d7db4106becc134129bf6c644%22%7D%2C%7B%22point%22:%5B702.9999389648438%2C6678.1474609375%2C4180.04248046875%2C0%5D%2C%22type%22:%22point%22%2C%22id%22:%22ed8296b235a7dfae5941e81b7be86d0cdc8a77a9%22%7D%2C%7B%22point%22:%5B642.9998779296875%2C6699.54638671875%2C4172.66015625%2C0%5D%2C%22type%22:%22point%22%2C%22id%22:%22ba5ea980fc30355e4cb529a8e7c5da2358f173f2%22%7D%2C%7B%22point%22:%5B592.9999389648438%2C6721.95947265625%2C4169.091796875%2C0%5D%2C%22type%22:%22point%22%2C%22id%22:%222b5248da290a62cf1ba51b4ef2fb339ca60b4be0%22%7D%2C%7B%22point%22:%5B542.9998779296875%2C6727.1708984375%2C4185.4306640625%2C0%5D%2C%22type%22:%22point%22%2C%22id%22:%2223a071b70aa12291cc27fc94f99e5c5496ab73e8%22%7D%2C%7B%22point%22:%5B1242.9998779296875%2C6549.60205078125%2C4205.8818359375%2C0%5D%2C%22type%22:%22point%22%2C%22id%22:%222d2b6b49139b1d9cea6a405a790591735d477634%22%7D%2C%7B%22point%22:%5B1353%2C6532.6162109375%2C4222.15576171875%2C0%5D%2C%22type%22:%22point%22%2C%22id%22:%22c92399e0b69a5fa66b4f70b3ec2dd1064d558b0c%22%7D%2C%7B%22point%22:%5B1452.9998779296875%2C6520.10888671875%2C4225.125%2C0%5D%2C%22type%22:%22point%22%2C%22id%22:%22ddaef0d4d7627962c0a8345c6a23d727072638e4%22%7D%2C%7B%22point%22:%5B1842.9998779296875%2C6479.265625%2C4248.27099609375%2C0%5D%2C%22type%22:%22point%22%2C%22id%22:%22bfac36d96c821e948dea41e2f5f58a9157f4fbb7%22%7D%2C%7B%22point%22:%5B1862.9998779296875%2C6475.64990234375%2C4246.826171875%2C0%5D%2C%22type%22:%22point%22%2C%22id%22:%229c4adb72e074a25322e03e19aa1643cc5cba8029%22%7D%2C%7B%22point%22:%5B1922.9998779296875%2C6470.08642578125%2C4257.6015625%2C0%5D%2C%22type%22:%22point%22%2C%22id%22:%2225344764f4aa9764bab912013cebee4c7313fd28%22%7D%2C%7B%22point%22:%5B2004.5643310546875%2C6462.76708984375%2C4256.4169921875%2C0%5D%2C%22type%22:%22point%22%2C%22id%22:%2253f977bbca6fe8e0f43ec238bc4ce76eb609d72d%22%7D%2C%7B%22point%22:%5B1985.0726318359375%2C6462.76708984375%2C4256.4169921875%2C0%5D%2C%22type%22:%22point%22%2C%22id%22:%22f89e0e0e1f67f16f3d0b6a520d102933ed5f3a27%22%7D%2C%7B%22point%22:%5B1965.5810546875%2C6462.810546875%2C4255.67138671875%2C0%5D%2C%22type%22:%22point%22%2C%22id%22:%2257e8e5ef3ec80f1fa8ed4c7aac05f92273f6f858%22%7D%2C%7B%22point%22:%5B1941.384521484375%2C6462.89794921875%2C4254.18017578125%2C0%5D%2C%22type%22:%22point%22%2C%22id%22:%22b5d2084a34e39e4076624c606940b5ad89f97ea5%22%7D%2C%7B%22point%22:%5B1866.778564453125%2C6463.5517578125%2C4242.9970703125%2C0%5D%2C%22type%22:%22point%22%2C%22id%22:%2266ac2487242755179291efbba31c82fe9bb0a496%22%7D%2C%7B%22point%22:%5B1805.6151123046875%2C6464.11865234375%2C4233.30517578125%2C0%5D%2C%22type%22:%22point%22%2C%22id%22:%22d360dde78bb5230523789d3f0f336142b1e93da4%22%7D%2C%7B%22point%22:%5B1708.8289794921875%2C6465.07763671875%2C4216.9033203125%2C0%5D%2C%22type%22:%22point%22%2C%22id%22:%22068499226eb6c4d7e085dfedaac189c7c0e250a0%22%7D%2C%7B%22point%22:%5B1970.9580078125%2C6467.89697265625%2C4254.18017578125%2C0%5D%2C%22type%22:%22point%22%2C%22id%22:%223fe0b565213ccc13528d8a8d317b30da9b0d321e%22%7D%2C%7B%22point%22:%5B1936.6795654296875%2C6467.94091796875%2C4253.4345703125%2C0%5D%2C%22type%22:%22point%22%2C%22id%22:%22f2e232be0f6a144a5fd782a92b16c295a54d8c3f%22%7D%2C%7B%22point%22:%5B1859.3851318359375%2C6468.7255859375%2C4240.0146484375%2C0%5D%2C%22type%22:%22point%22%2C%22id%22:%225d3b2d71ea802ee88fa6e6d19975d375e27cd890%22%7D%2C%7B%22point%22:%5B1843.92626953125%2C6468.81298828125%2C4238.52392578125%2C0%5D%2C%22type%22:%22point%22%2C%22id%22:%2215e20f6d42da18890a18f17d791347050bb693d5%22%7D%2C%7B%22point%22:%5B1822.418212890625%2C6468.9873046875%2C4235.54150390625%2C0%5D%2C%22type%22:%22point%22%2C%22id%22:%2248c197c9ca13e7746b78307c937df274332d7086%22%7D%2C%7B%22point%22:%5B1787.4676513671875%2C6469.466796875%2C4227.3408203125%2C0%5D%2C%22type%22:%22point%22%2C%22id%22:%22ebec16676d9e15c0cc8286b53368d9c848e10d01%22%7D%2C%7B%22point%22:%5B1769.992431640625%2C6469.59765625%2C4225.10400390625%2C0%5D%2C%22type%22:%22point%22%2C%22id%22:%221a94375e01e5b9016a7b88d0cad01fb2ad7e88b3%22%7D%2C%7B%22point%22:%5B1737.0582275390625%2C6469.90283203125%2C4219.88525390625%2C0%5D%2C%22type%22:%22point%22%2C%22id%22:%22e8b2be4bd8a3517e1f1617bb58fc32fc992f53b6%22%7D%2C%7B%22point%22:%5B1720.92724609375%2C6469.98974609375%2C4218.39453125%2C0%5D%2C%22type%22:%22point%22%2C%22id%22:%22276202c2d0871e9a915b9d2fe9dd5bf46e3354f0%22%7D%2C%7B%22point%22:%5B1698.7470703125%2C6470.12060546875%2C4216.15771484375%2C0%5D%2C%22type%22:%22point%22%2C%22id%22:%22adce819b14643168b95eb97fe6609656309e74bf%22%7D%2C%7B%22point%22:%5B1954.1549072265625%2C6467.984375%2C4252.68896484375%2C0%5D%2C%22type%22:%22point%22%2C%22id%22:%22dc06888779f0ab0fdbafa57f0d833da99d3ebc32%22%7D%2C%7B%22point%22:%5B1887.6143798828125%2C6474.07177734375%2C4251.1982421875%2C0%5D%2C%22type%22:%22point%22%2C%22id%22:%227cf6e0a00565182725b55a3974f4b3cf790e5127%22%7D%2C%7B%22point%22:%5B1874.843994140625%2C6474.20263671875%2C4248.96142578125%2C0%5D%2C%22type%22:%22point%22%2C%22id%22:%229adcd80124f6a572db127986032b582d4697c27d%22%7D%2C%7B%22point%22:%5B1852.663818359375%2C6474.55126953125%2C4242.9970703125%2C0%5D%2C%22type%22:%22point%22%2C%22id%22:%22674a38681972705c023c12c75008d328eb197f6d%22%7D%2C%7B%22point%22:%5B1825.77880859375%2C6474.8564453125%2C4237.7783203125%2C0%5D%2C%22type%22:%22point%22%2C%22id%22:%221f6b0b752b003f336dd2c9bbb5cfc5a0a51bbadc%22%7D%2C%7B%22point%22:%5B1781.4185791015625%2C6475.29248046875%2C4230.3232421875%2C0%5D%2C%22type%22:%22point%22%2C%22id%22:%221235f3c45946793aa8169648d51e40ea0425383b%22%7D%2C%7B%22point%22:%5B1702.77978515625%2C6475.8154296875%2C4221.376953125%2C0%5D%2C%22type%22:%22point%22%2C%22id%22:%22cb4b02a8404ef1865b02e66e3317ca8693c5ad89%22%7D%2C%7B%22point%22:%5B1735.0418701171875%2C6475.6845703125%2C4223.61328125%2C0%5D%2C%22type%22:%22point%22%2C%22id%22:%2229601d33711d1352312acf8e744c51e565f8aa2d%22%7D%2C%7B%22point%22:%5B1771.336669921875%2C6475.466796875%2C4227.3408203125%2C0%5D%2C%22type%22:%22point%22%2C%22id%22:%22aa5801d59a1b85f4ebda0b3a54596bd04dd8c31a%22%7D%2C%7B%22point%22:%5B1837.8770751953125%2C6474.7255859375%2C4240.01513671875%2C0%5D%2C%22type%22:%22point%22%2C%22id%22:%2204ed82df85385276b3fe0a332cd9aaf1e939e913%22%7D%2C%7B%22point%22:%5B1895.6802978515625%2C6478.94140625%2C4253.43408203125%2C0%5D%2C%22type%22:%22point%22%2C%22id%22:%222758a8d8adbf38239a7458cc12a2ead69b7c3a9b%22%7D%2C%7B%22point%22:%5B1819.057861328125%2C6479.81298828125%2C4238.5234375%2C0%5D%2C%22type%22:%22point%22%2C%22id%22:%22afdb5a15eb10522d2993eb8a050db2ce79ccd9f5%22%7D%2C%7B%22point%22:%5B1807.6317138671875%2C6479.98779296875%2C4235.54150390625%2C0%5D%2C%22type%22:%22point%22%2C%22id%22:%226c272e72e2f1d551dbccee4f5d166432f4b567ce%22%7D%2C%7B%22point%22:%5B1792.1728515625%2C6480.07470703125%2C4234.05029296875%2C0%5D%2C%22type%22:%22point%22%2C%22id%22:%22dd34dd79031f7dbd6d74fc2fce2a0f788b31c80d%22%7D%2C%7B%22point%22:%5B1778.7303466796875%2C6480.20556640625%2C4231.81396484375%2C0%5D%2C%22type%22:%22point%22%2C%22id%22:%229b611827c0a663a11ad5922dd837919c814471b8%22%7D%2C%7B%22point%22:%5B1764.61572265625%2C6480.55419921875%2C4225.849609375%2C0%5D%2C%22type%22:%22point%22%2C%22id%22:%223692e923d9f046ca28cb7f6c505bc22951ecd47b%22%7D%2C%7B%22point%22:%5B1745.1240234375%2C6480.59814453125%2C4225.10400390625%2C0%5D%2C%22type%22:%22point%22%2C%22id%22:%2282f9a4f3f089e89ba4556cc2c4e1ef28b1ecf15e%22%7D%2C%7B%22point%22:%5B1728.3209228515625%2C6480.7724609375%2C4222.1220703125%2C0%5D%2C%22type%22:%22point%22%2C%22id%22:%2251fa77bbcf1529a460a9933baf9bb28ea4ed1a6d%22%7D%2C%7B%22point%22:%5B1708.1571044921875%2C6480.859375%2C4220.630859375%2C0%5D%2C%22type%22:%22point%22%2C%22id%22:%2211e76347dec7a470d1b6796086b44b7a7562f72c%22%7D%2C%7B%22point%22:%5B1831.1561279296875%2C6479.59521484375%2C4242.25146484375%2C0%5D%2C%22type%22:%22point%22%2C%22id%22:%228e05053adaaae05efe41b97d755d730e731d1ad4%22%7D%2C%7B%22point%22:%5B1853.3363037109375%2C6479.5517578125%2C4242.9970703125%2C0%5D%2C%22type%22:%22point%22%2C%22id%22:%22758a8e05f9ea0fe6f34aa58169d4fc021486d380%22%7D%2C%7B%22point%22:%5B1870.139404296875%2C6479.20263671875%2C4248.9609375%2C0%5D%2C%22type%22:%22point%22%2C%22id%22:%22ba3723faba1dde2263150690c4835a05e634e6db%22%7D%2C%7B%22point%22:%5B1897.0245361328125%2C6483.328125%2C4257.01953125%2C0%5D%2C%22type%22:%22point%22%2C%22id%22:%22d262dd89459325cf1b2adfd8a5d6e500041335b3%22%7D%2C%7B%22point%22:%5B1889.631103515625%2C6483.50244140625%2C4254.037109375%2C0%5D%2C%22type%22:%22point%22%2C%22id%22:%22ed0f4e97ec0cc05101f8999e8697ff3032537f55%22%7D%2C%7B%22point%22:%5B1878.2049560546875%2C6483.67724609375%2C4251.05517578125%2C0%5D%2C%22type%22:%22point%22%2C%22id%22:%22c8e941bda93e76038aa5d1a537bf59cb3745d381%22%7D%2C%7B%22point%22:%5B1860.729736328125%2C6483.89501953125%2C4247.32763671875%2C0%5D%2C%22type%22:%22point%22%2C%22id%22:%22eb6e34197d5b7256666fd9f67a9381bff058a92c%22%7D%2C%7B%22point%22:%5B1849.3035888671875%2C6483.9384765625%2C4246.58203125%2C0%5D%2C%22type%22:%22point%22%2C%22id%22:%227644bedc18bc13168077d457275b6576eb38b57d%22%7D%2C%7B%22point%22:%5B1833.8446044921875%2C6484.2001953125%2C4242.10888671875%2C0%5D%2C%22type%22:%22point%22%2C%22id%22:%221afac93ec4d9dd82dbb8a6b6ac2fe12ff54b08a6%22%7D%2C%7B%22point%22:%5B1825.1070556640625%2C6484.3310546875%2C4239.8720703125%2C0%5D%2C%22type%22:%22point%22%2C%22id%22:%2287bcbc53e0dbab10ca5262e91ef9bcc2ac251e9e%22%7D%2C%7B%22point%22:%5B1815.025146484375%2C6484.548828125%2C4236.14453125%2C0%5D%2C%22type%22:%22point%22%2C%22id%22:%22f47d386681c4fad5bd953cb9cb0d5a4117787f2f%22%7D%2C%7B%22point%22:%5B1801.5826416015625%2C6484.5927734375%2C4235.39892578125%2C0%5D%2C%22type%22:%22point%22%2C%22id%22:%229f0300ddf5e82b2a76acaf905106b93ce5c723a1%22%7D%2C%7B%22point%22:%5B1786.7958984375%2C6484.6796875%2C4233.90771484375%2C0%5D%2C%22type%22:%22point%22%2C%22id%22:%224003191390843c38f67a2f01fb050ec3cf3e087f%22%7D%2C%7B%22point%22:%5B1768.6484375%2C6484.85400390625%2C4230.92578125%2C0%5D%2C%22type%22:%22point%22%2C%22id%22:%22985f3a05792c8a3ba9c91a30c9a21d42d99fb16d%22%7D%2C%7B%22point%22:%5B1741.09130859375%2C6485.11572265625%2C4226.45263671875%2C0%5D%2C%22type%22:%22point%22%2C%22id%22:%22cd678797aeda528ff779278648c8d7e0915853ba%22%7D%2C%7B%22point%22:%5B1704.7965087890625%2C6485.46435546875%2C4220.48828125%2C0%5D%2C%22type%22:%22point%22%2C%22id%22:%22cbb22972291270aaddc9ded033c4bc400151988f%22%7D%2C%7B%22point%22:%5B1672.534423828125%2C6485.5517578125%2C4218.9970703125%2C0%5D%2C%22type%22:%22point%22%2C%22id%22:%22b9c200f44cfdf86516fd76b09fb41098eb9977c5%22%7D%2C%7B%22point%22:%5B1830.9512939453125%2C6494.2841796875%2C4242.7646484375%2C0%5D%2C%22type%22:%22point%22%2C%22id%22:%22084074b7b950eeb7872d32ae50b58ef2132a7afa%22%7D%2C%7B%22point%22:%5B1815.492431640625%2C6494.4150390625%2C4240.5283203125%2C0%5D%2C%22type%22:%22point%22%2C%22id%22:%224b3cbd3764b67e407f5b9717008caa36b0c15783%22%7D%2C%7B%22point%22:%5B1802.721923828125%2C6494.5458984375%2C4238.29150390625%2C0%5D%2C%22type%22:%22point%22%2C%22id%22:%22327e2aaf27a93dec1da7070d6c833d3633b26131%22%7D%2C%7B%22point%22:%5B1787.9351806640625%2C6494.58935546875%2C4237.5458984375%2C0%5D%2C%22type%22:%22point%22%2C%22id%22:%22b28859988a424e3e0cf55dc186fbf5b4ce280d55%22%7D%2C%7B%22point%22:%5B1771.80419921875%2C6494.72021484375%2C4235.3095703125%2C0%5D%2C%22type%22:%22point%22%2C%22id%22:%2284a959060184eed49496c56d22057dde587cf61f%22%7D%2C%7B%22point%22:%5B1755.6732177734375%2C6494.763671875%2C4234.56396484375%2C0%5D%2C%22type%22:%22point%22%2C%22id%22:%2292550b014fdc2b29b6aa0612b60a66c52c3e802d%22%7D%2C%7B%22point%22:%5B1738.8699951171875%2C6494.85107421875%2C4233.07275390625%2C0%5D%2C%22type%22:%22point%22%2C%22id%22:%22716a459d4a1c6d429c33083674fbccffe3f6b818%22%7D%2C%7B%22point%22:%5B1724.083251953125%2C6494.93798828125%2C4231.58154296875%2C0%5D%2C%22type%22:%22point%22%2C%22id%22:%22835ef5bd4685aaf0a95faae3e9f9b79f9335e85c%22%7D%2C%7B%22point%22:%5B1705.263671875%2C6495.06884765625%2C4229.34521484375%2C0%5D%2C%22type%22:%22point%22%2C%22id%22:%22b57ad068e89c9407ba1e380ca6102b782bdd037e%22%7D%2C%7B%22point%22:%5B1693.1654052734375%2C6495.06884765625%2C4229.34521484375%2C0%5D%2C%22type%22:%22point%22%2C%22id%22:%226da8b3495d2ace78e56add59038379c16dbbddee%22%7D%2C%7B%22point%22:%5B1683.0836181640625%2C6495.19970703125%2C4227.1083984375%2C0%5D%2C%22type%22:%22point%22%2C%22id%22:%22a279d83df368dab3feddb5566c232525e1ceddd8%22%7D%2C%7B%22point%22:%5B1794.8363037109375%2C6505.25%2C4236.4658203125%2C0%5D%2C%22type%22:%22point%22%2C%22id%22:%222006893d0245b6c86352765238b89184a8fa5942%22%7D%2C%7B%22point%22:%5B1781.791015625%2C6505.38232421875%2C4234.205078125%2C0%5D%2C%22type%22:%22point%22%2C%22id%22:%2200437c7aa56165bc784e435cda6cbae9d0ddbefd%22%7D%2C%7B%22point%22:%5B1769.1534423828125%2C6505.3291015625%2C4235.109375%2C0%5D%2C%22type%22:%22point%22%2C%22id%22:%2291161ae85fa4e051d831309cd28718986658a94c%22%7D%2C%7B%22point%22:%5B1757.73876953125%2C6505.2763671875%2C4236.013671875%2C0%5D%2C%22type%22:%22point%22%2C%22id%22:%221c50cad8d432571b0e2e0d85655117ff684acce0%22%7D%2C%7B%22point%22:%5B1740.6168212890625%2C6505.43505859375%2C4233.30078125%2C0%5D%2C%22type%22:%22point%22%2C%22id%22:%22d9810ff0ccfe02a54010a8e6e4900d8b45e09ed8%22%7D%2C%7B%22point%22:%5B1715.749267578125%2C6505.6201171875%2C4230.13525390625%2C0%5D%2C%22type%22:%22point%22%2C%22id%22:%2263c7e19fcf0c0dad3e20e314aeacd3fe4bc3538a%22%7D%2C%7B%22point%22:%5B1704.3345947265625%2C6505.69970703125%2C4228.77880859375%2C0%5D%2C%22type%22:%22point%22%2C%22id%22:%22f4fb39752c5a729da06c47958d2b805091889eb0%22%7D%2C%7B%22point%22:%5B1695.365966796875%2C6505.75244140625%2C4227.87451171875%2C0%5D%2C%22type%22:%22point%22%2C%22id%22:%22ec91ab42c55e3f10424f9f8d1fd1346766cdffcd%22%7D%2C%7B%22point%22:%5B1686.3973388671875%2C6505.69970703125%2C4228.77880859375%2C0%5D%2C%22type%22:%22point%22%2C%22id%22:%22b02af067bb792dad662bc61922c9b8489a440718%22%7D%2C%7B%22point%22:%5B1672.129150390625%2C6505.884765625%2C4225.61328125%2C0%5D%2C%22type%22:%22point%22%2C%22id%22:%22926d6d71ed11eb11fb18db4cc9a097138eb98d76%22%7D%2C%7B%22point%22:%5B1800.1358642578125%2C6510.2607421875%2C4239.44775390625%2C0%5D%2C%22type%22:%22point%22%2C%22id%22:%22acf14ae6fd5a356e8ac78adb524fd15fdd129b63%22%7D%2C%7B%22point%22:%5B1791.167236328125%2C6510.3662109375%2C4237.63916015625%2C0%5D%2C%22type%22:%22point%22%2C%22id%22:%22aac9991604fc1fe75c7403de2875425344a2e248%22%7D%2C%7B%22point%22:%5B1759.369384765625%2C6510.287109375%2C4238.99560546875%2C0%5D%2C%22type%22:%22point%22%2C%22id%22:%22b0d8195f011c80a123e083d1587e40c0d8e6147f%22%7D%2C%7B%22point%22:%5B1740.6168212890625%2C6510.44580078125%2C4236.28271484375%2C0%5D%2C%22type%22:%22point%22%2C%22id%22:%22040e750fdca4da00f613bbfa1876880f5c4a6412%22%7D%2C%7B%22point%22:%5B1708.003662109375%2C6510.81591796875%2C4229.95166015625%2C0%5D%2C%22type%22:%22point%22%2C%22id%22:%2229e69d2584ef294990107aec01c0bfaca2df9721%22%7D%2C%7B%22point%22:%5B1691.289306640625%2C6510.78955078125%2C4230.404296875%2C0%5D%2C%22type%22:%22point%22%2C%22id%22:%228635ba5696bbb2fd2a2572ab8707556f3f96aa7a%22%7D%2C%7B%22point%22:%5B1674.16748046875%2C6510.8955078125%2C4228.59521484375%2C0%5D%2C%22type%22:%22point%22%2C%22id%22:%22a03645848f6359f5514456de634cce1951c0cef1%22%7D%2C%7B%22point%22:%5B1652.9688720703125%2C6510.974609375%2C4227.23876953125%2C0%5D%2C%22type%22:%22point%22%2C%22id%22:%2269b34b6f6bb74fba951358bb15c4c24992978134%22%7D%2C%7B%22point%22:%5B1659.49169921875%2C6516.89501953125%2C4228.595703125%2C0%5D%2C%22type%22:%22point%22%2C%22id%22:%228a8dda8c4592ccb173628844ccd4c1638e3dc712%22%7D%2C%7B%22point%22:%5B1639.9237060546875%2C6516.84228515625%2C4229.5%2C0%5D%2C%22type%22:%22point%22%2C%22id%22:%22057021891f7e0c1b79a4c32a9434ef7de1a20d29%22%7D%2C%7B%22point%22:%5B1617.502197265625%2C6516.89501953125%2C4228.595703125%2C0%5D%2C%22type%22:%22point%22%2C%22id%22:%226e47c5ca021e5e784e5c748ac48887a36c709d40%22%7D%2C%7B%22point%22:%5B1574.6973876953125%2C6516.7099609375%2C4231.7607421875%2C0%5D%2C%22type%22:%22point%22%2C%22id%22:%22af8007d4b7e2e85192a12ed309637d06d9ac7d3d%22%7D%2C%7B%22point%22:%5B1536.7845458984375%2C6517.15966796875%2C4224.07373046875%2C0%5D%2C%22type%22:%22point%22%2C%22id%22:%226e5eaa10a07e2c9282ba722228f7dd3cefea2dff%22%7D%2C%7B%22point%22:%5B1502.54052734375%2C6517.15869140625%2C4224.07421875%2C0%5D%2C%22type%22:%22point%22%2C%22id%22:%22d2f0de8398a2f95fc764f21b033c9529c7f741ce%22%7D%2C%7B%22point%22:%5B1487.45703125%2C6517.10595703125%2C4224.97900390625%2C0%5D%2C%22type%22:%22point%22%2C%22id%22:%22950433d4575350fb76318814074b62ac1608e506%22%7D%2C%7B%22point%22:%5B1472.781005859375%2C6517.10595703125%2C4224.97900390625%2C0%5D%2C%22type%22:%22point%22%2C%22id%22:%2243a835dfc0744995b4ef9301e45f224cf355da25%22%7D%2C%7B%22point%22:%5B1461.7740478515625%2C6517.10595703125%2C4224.97900390625%2C0%5D%2C%22type%22:%22point%22%2C%22id%22:%22688b4cc4b64f4dab88165211c19f49b24b7353e9%22%7D%2C%7B%22point%22:%5B1443.8367919921875%2C6517.02685546875%2C4226.33544921875%2C0%5D%2C%22type%22:%22point%22%2C%22id%22:%22cfd4c29eeade629427011a57b5237f287781ca1b%22%7D%2C%7B%22point%22:%5B1431.6068115234375%2C6517.02685546875%2C4226.33544921875%2C0%5D%2C%22type%22:%22point%22%2C%22id%22:%22a20eed868d13773e9b0cd4d8b7840bab11ca1e00%22%7D%2C%7B%22point%22:%5B1414.892578125%2C6517.05322265625%2C4225.88330078125%2C0%5D%2C%22type%22:%22point%22%2C%22id%22:%22cc7f40297b1685d252e87697ecbcb764d290a8e4%22%7D%2C%7B%22point%22:%5B1381.464111328125%2C6517.05322265625%2C4225.88330078125%2C0%5D%2C%22type%22:%22point%22%2C%22id%22:%2258ae68b7f513302c5d649d440daff0df3b7d3e29%22%7D%2C%7B%22point%22:%5B1349.666259765625%2C6517.34423828125%2C4220.9091796875%2C0%5D%2C%22type%22:%22point%22%2C%22id%22:%22bae0790ad677c48970c2d76f4b2e8afcd80ffb2a%22%7D%2C%7B%22point%22:%5B1339.06689453125%2C6517.34423828125%2C4220.9091796875%2C0%5D%2C%22type%22:%22point%22%2C%22id%22:%22909f81b549b879cd08968fef2b168920c0f1d6fc%22%7D%2C%7B%22point%22:%5B1501.7252197265625%2C6522.837890625%2C4227.68310546875%2C0%5D%2C%22type%22:%22point%22%2C%22id%22:%2271b1857d715b92bb181a282a89e9ad36b10fbd89%22%7D%2C%7B%22point%22:%5B1491.9412841796875%2C6522.91748046875%2C4226.32666015625%2C0%5D%2C%22type%22:%22point%22%2C%22id%22:%2203c61769bc2f1737d163cda4eb946ec525acf9f1%22%7D%2C%7B%22point%22:%5B1479.7113037109375%2C6522.91748046875%2C4226.32666015625%2C0%5D%2C%22type%22:%22point%22%2C%22id%22:%2231a64eda2ced05cc6a1550b407c7bbc52dc09639%22%7D%2C%7B%22point%22:%5B1470.74267578125%2C6522.91748046875%2C4226.32666015625%2C0%5D%2C%22type%22:%22point%22%2C%22id%22:%2248792566888acf862952231d293b472c642a7906%22%7D%2C%7B%22point%22:%5B1462.9970703125%2C6522.94384765625%2C4225.87451171875%2C0%5D%2C%22type%22:%22point%22%2C%22id%22:%2266cdc70ac6c88c903b238a7c5115de8218ece8f1%22%7D%2C%7B%22point%22:%5B1446.2828369140625%2C6522.91748046875%2C4226.32666015625%2C0%5D%2C%22type%22:%22point%22%2C%22id%22:%22ce98ecde21b85e3be4bbdf868944307dcfe22faa%22%7D%2C%7B%22point%22:%5B1431.19921875%2C6522.7587890625%2C4229.03955078125%2C0%5D%2C%22type%22:%22point%22%2C%22id%22:%22582cb85e38bac478ca6981499ea0517d5e574a9d%22%7D%2C%7B%22point%22:%5B1419.376953125%2C6522.7587890625%2C4229.03955078125%2C0%5D%2C%22type%22:%22point%22%2C%22id%22:%227cc5d843a15669197d65b2ff146c15e23ee89c95%22%7D%2C%7B%22point%22:%5B1406.7392578125%2C6522.7587890625%2C4229.03955078125%2C0%5D%2C%22type%22:%22point%22%2C%22id%22:%223300bf227154ec09c05d1f9aa81551db606831ec%22%7D%2C%7B%22point%22:%5B1395.7322998046875%2C6522.78515625%2C4228.58740234375%2C0%5D%2C%22type%22:%22point%22%2C%22id%22:%2286474e108729e0dc73b0b4c905a39933febfb043%22%7D%2C%7B%22point%22:%5B1383.0947265625%2C6522.7587890625%2C4229.03955078125%2C0%5D%2C%22type%22:%22point%22%2C%22id%22:%22ce669a145b6a754ed2d969e5970965edbd4ff08a%22%7D%2C%7B%22point%22:%5B1369.234130859375%2C6522.7587890625%2C4229.03955078125%2C0%5D%2C%22type%22:%22point%22%2C%22id%22:%2277b0622554c5a736ff0e5bebdf90531078a662ac%22%7D%2C%7B%22point%22:%5B1349.258544921875%2C6522.94384765625%2C4225.87451171875%2C0%5D%2C%22type%22:%22point%22%2C%22id%22:%220333853e96e7e789bdf6122e424db54785ceb67c%22%7D%2C%7B%22point%22:%5B1359.8577880859375%2C6522.78515625%2C4228.58740234375%2C0%5D%2C%22type%22:%22point%22%2C%22id%22:%229edceef2b879af2ce5eb4bb504052837d4a82612%22%7D%2C%7B%22point%22:%5B1334.5826416015625%2C6522.99658203125%2C4224.97021484375%2C0%5D%2C%22type%22:%22point%22%2C%22id%22:%22e41039c699413e65cc552a51acc81fc7cce523af%22%7D%2C%7B%22point%22:%5B1316.6453857421875%2C6522.97021484375%2C4225.42236328125%2C0%5D%2C%22type%22:%22point%22%2C%22id%22:%2262acfbe21c8b356e83f9af020f55c22d8c50f9c2%22%7D%2C%7B%22point%22:%5B1498.0562744140625%2C6527.78515625%2C4228.58740234375%2C0%5D%2C%22type%22:%22point%22%2C%22id%22:%22b22ee42de71f91422b7f1151ea37a4b22c54f158%22%7D%2C%7B%22point%22:%5B1488.679931640625%2C6527.7587890625%2C4229.03955078125%2C0%5D%2C%22type%22:%22point%22%2C%22id%22:%2262e2c9fbadd03386fb853dd305450f870791c774%22%7D%2C%7B%22point%22:%5B1476.4500732421875%2C6527.67919921875%2C4230.39599609375%2C0%5D%2C%22type%22:%22point%22%2C%22id%22:%22b9e48ea60bf9aa2f8eed2628d96ba9f85aefd8d9%22%7D%2C%7B%22point%22:%5B1460.958740234375%2C6527.57373046875%2C4232.20458984375%2C0%5D%2C%22type%22:%22point%22%2C%22id%22:%22984103edf7cd13154e900ce10894b5237f70a372%22%7D%2C%7B%22point%22:%5B1446.6904296875%2C6527.52099609375%2C4233.109375%2C0%5D%2C%22type%22:%22point%22%2C%22id%22:%229975816fcf8a261c3bd76e2cb1934fb029978252%22%7D%2C%7B%22point%22:%5B1434.0528564453125%2C6527.57373046875%2C4232.20458984375%2C0%5D%2C%22type%22:%22point%22%2C%22id%22:%221908752662a7445171ed73a3153a2b1a6fc6368b%22%7D%2C%7B%22point%22:%5B1418.1539306640625%2C6527.52099609375%2C4233.109375%2C0%5D%2C%22type%22:%22point%22%2C%22id%22:%222fa7f15d42151a96b2658076c2b34e2b79270155%22%7D%2C%7B%22point%22:%5B1402.2550048828125%2C6527.57373046875%2C4232.20458984375%2C0%5D%2C%22type%22:%22point%22%2C%22id%22:%22334c8764942fbe823e821f8d711f10005efb51f2%22%7D%2C%7B%22point%22:%5B1385.540771484375%2C6527.54736328125%2C4232.65673828125%2C0%5D%2C%22type%22:%22point%22%2C%22id%22:%220df40bb4ab1c108a1dd2fc4c7f0b52e81a1acfe1%22%7D%2C%7B%22point%22:%5B1370.86474609375%2C6527.57373046875%2C4232.20458984375%2C0%5D%2C%22type%22:%22point%22%2C%22id%22:%22d365ff3fe45573d851b87c24eef7ff9f7ac52a1e%22%7D%2C%7B%22point%22:%5B1356.5965576171875%2C6527.6796875%2C4230.39599609375%2C0%5D%2C%22type%22:%22point%22%2C%22id%22:%222fb7b93f90966ddcc4748bdbc7edcbf027151d75%22%7D%2C%7B%22point%22:%5B1343.1435546875%2C6527.732421875%2C4229.49169921875%2C0%5D%2C%22type%22:%22point%22%2C%22id%22:%2255ddc6c192388845f11f230773d165dcb46bfa8d%22%7D%2C%7B%22point%22:%5B1332.1365966796875%2C6527.8115234375%2C4228.13525390625%2C0%5D%2C%22type%22:%22point%22%2C%22id%22:%2282bbd1526e30abf657f35f24499aa923c6519e87%22%7D%2C%7B%22point%22:%5B1317.8682861328125%2C6527.83837890625%2C4227.68310546875%2C0%5D%2C%22type%22:%22point%22%2C%22id%22:%22b59a7a2c9651d3f6d5c21078109bc3a0d469d0ee%22%7D%2C%7B%22point%22:%5B1494.2584228515625%2C6533.31005859375%2C4226.72607421875%2C0%5D%2C%22type%22:%22point%22%2C%22id%22:%229914c403a2871e299b42727a55f55818c8a4e82f%22%7D%2C%7B%22point%22:%5B1484.882080078125%2C6533.28369140625%2C4227.1787109375%2C0%5D%2C%22type%22:%22point%22%2C%22id%22:%22b856abf2050d324a04994d18f9248959d1a5cc36%22%7D%2C%7B%22point%22:%5B1472.2445068359375%2C6533.20458984375%2C4228.53515625%2C0%5D%2C%22type%22:%22point%22%2C%22id%22:%2289320dcb248290a432a964f5d9e56364a1ca582d%22%7D%2C%7B%22point%22:%5B1457.160888671875%2C6533.20458984375%2C4228.53515625%2C0%5D%2C%22type%22:%22point%22%2C%22id%22:%22ace124e2823ca9991a2e8fdcfb9a6ead39d208dc%22%7D%2C%7B%22point%22:%5B1443.30029296875%2C6533.20458984375%2C4228.53515625%2C0%5D%2C%22type%22:%22point%22%2C%22id%22:%22594e34a2aa13a0c2d79820b1a2b055df02faa484%22%7D%2C%7B%22point%22:%5B1431.8856201171875%2C6533.20458984375%2C4228.53515625%2C0%5D%2C%22type%22:%22point%22%2C%22id%22:%22ef005d6b29dbaab01cb77eedf00298f1964efe28%22%7D%2C%7B%22point%22:%5B1417.209716796875%2C6533.23095703125%2C4228.0830078125%2C0%5D%2C%22type%22:%22point%22%2C%22id%22:%22077ef3b9683fa13abb5cbb3457868d881ef3242b%22%7D%2C%7B%22point%22:%5B1402.1260986328125%2C6533.25732421875%2C4227.630859375%2C0%5D%2C%22type%22:%22point%22%2C%22id%22:%22e9f1557a48885fad352f2fa5bee58a6585fffad9%22%7D%2C%7B%22point%22:%5B1392.7498779296875%2C6533.20458984375%2C4228.53515625%2C0%5D%2C%22type%22:%22point%22%2C%22id%22:%22e4b1a5337e488ced935aa7a9d5d583856ea6c28b%22%7D%2C%7B%22point%22:%5B1380.1121826171875%2C6533.28369140625%2C4227.1787109375%2C0%5D%2C%22type%22:%22point%22%2C%22id%22:%2272f8803c487c0950090b4f61735f436f57350832%22%7D%2C%7B%22point%22:%5B1367.474609375%2C6533.3369140625%2C4226.27392578125%2C0%5D%2C%22type%22:%22point%22%2C%22id%22:%22cc6fb9d953b75b385e126bc3c35c574034565a5b%22%7D%2C%7B%22point%22:%5B1338.93798828125%2C6533.36328125%2C4225.82177734375%2C0%5D%2C%22type%22:%22point%22%2C%22id%22:%22105d4c44d9b40963f70e59473cf92b3982a36e5c%22%7D%2C%7B%22point%22:%5B1329.561767578125%2C6533.416015625%2C4224.91748046875%2C0%5D%2C%22type%22:%22point%22%2C%22id%22:%22e99c24aea68995e7203c4508904eba1faa0062a7%22%7D%2C%7B%22point%22:%5B1313.255126953125%2C6533.416015625%2C4224.91748046875%2C0%5D%2C%22type%22:%22point%22%2C%22id%22:%22fb48e1dd99ac48e900ec92c7715ed88262bb2f60%22%7D%2C%7B%22point%22:%5B1292.8719482421875%2C6533.57470703125%2C4222.20458984375%2C0%5D%2C%22type%22:%22point%22%2C%22id%22:%22d6a466b7da97c89fc46fea0a98a9eb89e7d09bac%22%7D%2C%7B%22point%22:%5B1280.6419677734375%2C6533.6279296875%2C4221.2998046875%2C0%5D%2C%22type%22:%22point%22%2C%22id%22:%22bb36613dc531caa54f248e0727c9b14a3fcc06ce%22%7D%2C%7B%22point%22:%5B1269.635009765625%2C6533.654296875%2C4220.84765625%2C0%5D%2C%22type%22:%22point%22%2C%22id%22:%220d45271e9fc2cc76c5668a8d3da70c8c02f980cb%22%7D%2C%7B%22point%22:%5B1256.1820068359375%2C6533.7333984375%2C4219.4912109375%2C0%5D%2C%22type%22:%22point%22%2C%22id%22:%2240621b012e841c79923b4b6744d58e7bd5dd5ae2%22%7D%2C%7B%22point%22:%5B1246.8057861328125%2C6533.7333984375%2C4219.4912109375%2C0%5D%2C%22type%22:%22point%22%2C%22id%22:%22f7e54b42bb8114e8e11671a3903da5b87efe41e3%22%7D%2C%7B%22point%22:%5B1484.882080078125%2C6537.57373046875%2C4229.20458984375%2C0%5D%2C%22type%22:%22point%22%2C%22id%22:%22c4ccedc6c8d9cd473c126575b8a559af27814d71%22%7D%2C%7B%22point%22:%5B1475.09814453125%2C6537.60009765625%2C4228.75244140625%2C0%5D%2C%22type%22:%22point%22%2C%22id%22:%2290a4d02b83eeaff4f440fcf8c6f8268b5e1790d2%22%7D%2C%7B%22point%22:%5B1465.7218017578125%2C6537.60009765625%2C4228.75244140625%2C0%5D%2C%22type%22:%22point%2,R,R,cm-DiI,lFP added,high confidence,,,ZS,,No,Yes,,,
behavior_754897_2025-03-12_12-23-15,754897,2a63da4e-76c0-4c80-96c7-1b4c5ded8a9a,1d12617d-ff74-4ae3-a4b6-2bc9f0ddf3b5,24741e12-8cdc-4e60-a968-7f9661b4a746,5f791423-c74c-4e66-8743-c9ccefa85912,df465214-d58d-4af2-b796-948b85ab3fca,,4R,R,cm-DiD,Round 1 done,med confidence,,,ZS,,No,Yes,,,
behavior_754897_2025-03-13_11-20-42,754897,1e17e013-6f32-4edd-abcf-76eef426b892,ea416d7f-402d-4002-8fb7-b1dd9b35f4b4,24741e12-8cdc-4e60-a968-7f9661b4a746,5f791423-c74c-4e66-8743-c9ccefa85912,df465214-d58d-4af2-b796-948b85ab3fca,,L,L,cm-DiI,Round 1 done,high confidence,,"same track as 3-14, tip not sure",ZS,,Yes,Yes,,,
behavior_754897_2025-03-14_11-28-53,754897,b7f13908-a11c-4199-a005-4d862e3543e4,0a99592d-8ea2-471d-afbe-f603aefa2d14,24741e12-8cdc-4e60-a968-7f9661b4a746,5f791423-c74c-4e66-8743-c9ccefa85912,df465214-d58d-4af2-b796-948b85ab3fca,,L,L,cm-DiD,Round 1 done,high confidence,,"same track as 3-14, tip not sure",ZS,,Yes,Yes,,,
behavior_754897_2025-03-15_11-32-18,754897,acaf180c-2f72-4408-955f-edb2e21f087d,847b19ba-f8a8-4339-88ba-2b8306acf3a2,24741e12-8cdc-4e60-a968-7f9661b4a746,5f791423-c74c-4e66-8743-c9ccefa85912,df465214-d58d-4af2-b796-948b85ab3fca,,L,L,cm-DiI,Round 1 done,high confidence,,,ZS,,Yes,Yes,,,
behavior_754897_2025-03-11_12-07-41,754897,f360b4fd-88d5-4676-9770-5a3e94becc1d,fc77e40e-8fa8-4bd5-8eb3-c73fbad43713,24741e12-8cdc-4e60-a968-7f9661b4a746,5f791423-c74c-4e66-8743-c9ccefa85912,df465214-d58d-4af2-b796-948b85ab3fca,,R,R,cm-DiI,Round 2 done,,,,HH,Low,No,No,1,TBD,very anterior
behavior_754897_2025-03-12_12-23-15,754897,2a63da4e-76c0-4c80-96c7-1b4c5ded8a9a,1d12617d-ff74-4ae3-a4b6-2bc9f0ddf3b5,24741e12-8cdc-4e60-a968-7f9661b4a746,5f791423-c74c-4e66-8743-c9ccefa85912,df465214-d58d-4af2-b796-948b85ab3fca,,4R,R,cm-DiD,Round 2 done,,,,HH,Low,Yes,No,1,TBD,LFP border not clear
behavior_754897_2025-03-13_11-20-42,754897,1e17e013-6f32-4edd-abcf-76eef426b892,ea416d7f-402d-4002-8fb7-b1dd9b35f4b4,24741e12-8cdc-4e60-a968-7f9661b4a746,5f791423-c74c-4e66-8743-c9ccefa85912,df465214-d58d-4af2-b796-948b85ab3fca,,L,L,cm-DiI,Round 2 done,,,,HH,Medium,Yes,No,1,TBD,"clear LFP border between CB and pons, but IC unclear"
behavior_754897_2025-03-14_11-28-53,754897,b7f13908-a11c-4199-a005-4d862e3543e4,0a99592d-8ea2-471d-afbe-f603aefa2d14,24741e12-8cdc-4e60-a968-7f9661b4a746,5f791423-c74c-4e66-8743-c9ccefa85912,df465214-d58d-4af2-b796-948b85ab3fca,,L,L,cm-DiD,Round 2 done,,,,HH,High,Yes,Yes,2,TBD,clear LFP borders; overall scaling factor undetermined
behavior_754897_2025-03-15_11-32-18,754897,acaf180c-2f72-4408-955f-edb2e21f087d,847b19ba-f8a8-4339-88ba-2b8306acf3a2,24741e12-8cdc-4e60-a968-7f9661b4a746,5f791423-c74c-4e66-8743-c9ccefa85912,df465214-d58d-4af2-b796-948b85ab3fca,,L,L,cm-DiI,Round 2 done,,,,HH,Medium,Yes,Yes,3,0.93,very interesting one; 0.85 within CB
behavior_758018_2025-03-19_11-16-44,758018,324242e3-dab2-458e-b863-f828782e21c1,cb6f25c5-675b-4f4a-a8f3-b6eeb5be6ac3,0fffd959-5f2e-4090-877a-e4b563fc1174,a28be234-e1cf-4260-99e4-2ae7126376ec,e4f56924-99a1-400b-b656-83982b8515e6,https://tinyurl.com/fh62rrcb,L,L,cm-DiI,Round 1 done,high confidence,,"twist corrected, session match",ZS,,Yes,Yes,,,
behavior_758018_2025-03-20_11-53-05,758018,e359bdb0-95e5-4bcc-a251-4166d9a794ef,f83a6f65-43d5-411d-a5d5-bd619be9a471,0fffd959-5f2e-4090-877a-e4b563fc1174,a28be234-e1cf-4260-99e4-2ae7126376ec,e4f56924-99a1-400b-b656-83982b8515e6,https://tinyurl.com/fh62rrcb,2R,R,cm-DiI,Round 1 done,high confidence,,"twist corrected, session match",ZS,,No,Yes,,,
behavior_758018_2025-03-21_11-00-34,758018,81a65bd6-2fb5-4e92-b5f2-5f107f64b66e,f7daeae3-a1bc-46a7-a2bf-cafda9d16584,0fffd959-5f2e-4090-877a-e4b563fc1174,a28be234-e1cf-4260-99e4-2ae7126376ec,e4f56924-99a1-400b-b656-83982b8515e6,https://tinyurl.com/fh62rrcb,R,R,cm-DiD,Round 1 done,high confidence,,"twist corrected, session match",ZS,,No,Yes,,,
behavior_761038_2025-04-15_10-25-11,761038,9f16e692-291d-4d05-a1d2-fea4b0cc46de,6ddb6682-f280-45c1-8605-ace67855222b,316b44cc-8089-412d-b232-1addc1d99239,7349a74e-b500-42f4-b3f2-f19570300241,7cd15e82-99ae-4af8-9f6c-50deb617bd6d,https://tinyurl.com/3mt9uwae,L,L,cm-DiI,Histology needs to reload,high confidence,,"twist corrected, session match",HH,Low,Yes,No,2,0.92,CENT2 and CENT3 clear; V4??
behavior_761038_2025-04-16_10-39-10,761038,9a53dcfe-4285-40e6-a43d-26de6dc8b852,c5863543-1539-43be-8a45-4ee9013082ff,316b44cc-8089-412d-b232-1addc1d99239,7349a74e-b500-42f4-b3f2-f19570300241,7cd15e82-99ae-4af8-9f6c-50deb617bd6d,https://tinyurl.com/3mt9uwae,L,L,cm-DiD,Histology needs to reload,low confidence,,probe too faint,HH,High,Yes,No,2,0.97,Complex strucutres in CB (from which scaling factor is estimated); V4??
behavior_761038_2025-04-17_11-03-16,761038,cddf0f43-0113-45c0-a075-3627b1f4888f,bbf4f801-73ff-4635-9154-94e76f732c1e,316b44cc-8089-412d-b232-1addc1d99239,7349a74e-b500-42f4-b3f2-f19570300241,7cd15e82-99ae-4af8-9f6c-50deb617bd6d,https://tinyurl.com/3mt9uwae,R,R,cm-DiI,Histology needs to reload,high confidence,,"twist corrected, session match",HH,Medium,Yes,Yes,2,unsure,Clear CB borders but 1.11 SF in CB
behavior_761038_2025-04-18_12-37-39,761038,0aedc7e0-83df-46e0-8d2a-197454d263df,b98dfeed-1b98-487c-b269-7a005e9c80fa,316b44cc-8089-412d-b232-1addc1d99239,7349a74e-b500-42f4-b3f2-f19570300241,7cd15e82-99ae-4af8-9f6c-50deb617bd6d,https://tinyurl.com/3mt9uwae,R,R,cm-DiD,Histology needs to reload,high confidence,,"twist corrected, session match",HH,,,,,,
behavior_782394_2025-04-22_10-53-28,782394,6fdbbcb0-71e2-4afa-aa19-394b9bd0a3e1,62cf6313-1c28-42e0-b3c3-b6adab53b487,7c150217-440f-4b2c-8126-791febba98f2,73ddb260-3e94-43ee-9043-7869e81ac851,78e6bb48-437f-4a4c-b748-4b5cc0234e5d,https://tinyurl.com/3yevzh8u,L,L,cm-DiI,Round 2 done,high confidence,,"twist corrected, session match",ZS,,No,Yes,,,
behavior_782394_2025-04-23_10-51-17,782394,fd0c45ba-bb86-498c-a9bc-59f6e92d616d,34377757-2150-423a-b2b1-bb6d97553a13,7c150217-440f-4b2c-8126-791febba98f2,73ddb260-3e94-43ee-9043-7869e81ac851,78e6bb48-437f-4a4c-b748-4b5cc0234e5d,https://tinyurl.com/3yevzh8u,L,L,cm-DiD,Round 2 done,high confidence,,"twist corrected, session match",ZS,,Yes,Yes,,,
behavior_782394_2025-04-24_12-07-34,782394,0599881b-39f9-4312-9f16-9fac997a0178,7aba816c-c586-40eb-8ac0-002f17dd80f4,7c150217-440f-4b2c-8126-791febba98f2,73ddb260-3e94-43ee-9043-7869e81ac851,78e6bb48-437f-4a4c-b748-4b5cc0234e5d,https://tinyurl.com/3yevzh8u,R,R,cm-DiD,Round 2 done,high confidence,,"twist corrected, session match",ZS,,Yes,Yes,,,
behavior_782394_2025-04-25_11-13-21,782394,2c26eac1-17ff-40eb-badc-25eda92b0de3,847f98da-b0c8-4a17-bf17-fcd39027f992,7c150217-440f-4b2c-8126-791febba98f2,73ddb260-3e94-43ee-9043-7869e81ac851,78e6bb48-437f-4a4c-b748-4b5cc0234e5d,https://tinyurl.com/3yevzh8u,2R,R,cm-DiI,Round 2 done,probe tracks merged together (but ml-wise close); low confidence,,"twist corrected, session match, probe too faint, same track as 4-24",ZS,,Yes,Yes,,,
behavior_782394_2025-04-22_10-53-28,782394,6fdbbcb0-71e2-4afa-aa19-394b9bd0a3e1,62cf6313-1c28-42e0-b3c3-b6adab53b487,7c150217-440f-4b2c-8126-791febba98f2,73ddb260-3e94-43ee-9043-7869e81ac851,78e6bb48-437f-4a4c-b748-4b5cc0234e5d,https://tinyurl.com/3yevzh8u,L,L,cm-DiI,Just added as example,,,,HH,,,,,,
behavior_782394_2025-04-23_10-51-17,782394,fd0c45ba-bb86-498c-a9bc-59f6e92d616d,34377757-2150-423a-b2b1-bb6d97553a13,7c150217-440f-4b2c-8126-791febba98f2,73ddb260-3e94-43ee-9043-7869e81ac851,78e6bb48-437f-4a4c-b748-4b5cc0234e5d,https://tinyurl.com/3yevzh8u,L,L,cm-DiD,Just added as example,,,,HH,,,,,,
behavior_782394_2025-04-24_12-07-34,782394,0599881b-39f9-4312-9f16-9fac997a0178,7aba816c-c586-40eb-8ac0-002f17dd80f4,7c150217-440f-4b2c-8126-791febba98f2,73ddb260-3e94-43ee-9043-7869e81ac851,78e6bb48-437f-4a4c-b748-4b5cc0234e5d,https://tinyurl.com/3yevzh8u,R,R,cm-DiD,Just added as example,,,,HH,,,,,,
behavior_782394_2025-04-25_11-13-21,782394,2c26eac1-17ff-40eb-badc-25eda92b0de3,847f98da-b0c8-4a17-bf17-fcd39027f992,7c150217-440f-4b2c-8126-791febba98f2,73ddb260-3e94-43ee-9043-7869e81ac851,78e6bb48-437f-4a4c-b748-4b5cc0234e5d,https://tinyurl.com/3yevzh8u,2R,R,cm-DiI,Just added as example,,,,HH,,,,,,
behavior_785956_2025-05-20_14-15-19,785956,4b1aa86e-032c-4fe2-bda5-622a06b5613a,2ecfbc7e-cf6e-4dc5-8886-bf4e97560459,97243589-0d3a-4d47-8f51-b04a426d2b2b,6b524644-7c2e-4c6a-aaaf-6c1c836fb45b,b17fdda2-ad4e-42d4-986d-1c8a23f37fd2,,L,L,cm-DiI,,high confidence,,,,,,,,,
behavior_785956_2025-05-21_13-42-02,785956,0fb711a1-4ea7-41bf-aaa9-69861f3b3206,dcd35c15-f28d-457c-9e0b-bebc951435f3,97243589-0d3a-4d47-8f51-b04a426d2b2b,6b524644-7c2e-4c6a-aaaf-6c1c836fb45b,b17fdda2-ad4e-42d4-986d-1c8a23f37fd2,,R,R,cm-DiI,,high confidence,,,,,,,,,
behavior_785956_2025-05-23_13-45-21,785956,47ab0aeb-013b-4c9f-89e5-965c1005a5a4,5a56bd2b-4ad6-41a0-ac13-72b59426c21c,97243589-0d3a-4d47-8f51-b04a426d2b2b,6b524644-7c2e-4c6a-aaaf-6c1c836fb45b,b17fdda2-ad4e-42d4-986d-1c8a23f37fd2,,L,L,cm-DiD,clear,high confidence,,,,,,,,,
behavior_791691_2025-06-24_13-21-29,791691,111342a3-b011-455f-b058-e5de3fd132b3,765ed17e-99e0-46a1-861c-e8bd6ee7c256,3d97646e-83e5-4880-8c08-c1aec6d74820,164fc58c-a8cb-4615-ae3d-b5f5b86bea5c,fb9fa873-8ae3-4bb9-925b-c5733ff97408,,L,L,cm-DiI,,high confidence,P,"twist corrected, session match",,,,,,,
behavior_791691_2025-06-25_14-06-10,791691,c1d7c7af-7183-4ccd-baa4-2cefd6f877a6,0173b68a-1438-4e77-b44b-1d133af4247e,3d97646e-83e5-4880-8c08-c1aec6d74820,164fc58c-a8cb-4615-ae3d-b5f5b86bea5c,fb9fa873-8ae3-4bb9-925b-c5733ff97408,,3L,L,cm-DiD,,high confidence,P,"twist corrected, session match",,,,,,,
behavior_791691_2025-06-26_13-39-26,791691,74177a0b-fb0e-449f-b23d-0e7cbb281866,c2f723d9-c021-4298-a92b-9561b0785653,3d97646e-83e5-4880-8c08-c1aec6d74820,164fc58c-a8cb-4615-ae3d-b5f5b86bea5c,fb9fa873-8ae3-4bb9-925b-c5733ff97408,,R,R,cm-DiI,,high confidence,,"twist corrected, session match",,,,,,,
behavior_791691_2025-06-27_13-54-30,791691,353fb0f0-d70f-4efd-8ae2-e14ca36cccf1,43a477bd-1136-4db6-8b96-3195a358a9af,3d97646e-83e5-4880-8c08-c1aec6d74820,164fc58c-a8cb-4615-ae3d-b5f5b86bea5c,fb9fa873-8ae3-4bb9-925b-c5733ff97408,,R,R,cm-DiD,,high confidence,,"twist corrected, session match",,,,,,,
behavior_784806_2025-06-17_14-59-23,784806,d8eb6cfe-d8af-4bf9-a384-909ce651a8b5,1add4509-a053-40da-874a-f05d7e182820,badbfc8f-5bed-4371-b032-aefc3675a74c,db270515-4e75-47c0-8bc5-1939f9493cc0,dc3e5101-12ca-426a-a510-4a174add51c9,,L,L,cm-DiI,,high confidence,,,,,,,,,
behavior_784806_2025-06-18_13-39-50,784806,1e03ed2b-c579-4192-8779-f0b02ec04210,f2aeab28-29b0-4e34-a21e-ebc1d002f550,badbfc8f-5bed-4371-b032-aefc3675a74c,db270515-4e75-47c0-8bc5-1939f9493cc0,dc3e5101-12ca-426a-a510-4a174add51c9,,R,R,cm-DiI,,high confidence,,,,,,,,,
behavior_784806_2025-06-20_13-39-16,784806,dc47c678-1be2-4701-889a-d392cfe906dc,c5c7ba39-2d60-4ce1-b939-21313b6e7960,badbfc8f-5bed-4371-b032-aefc3675a74c,db270515-4e75-47c0-8bc5-1939f9493cc0,dc3e5101-12ca-426a-a510-4a174add51c9,,R,R,cm-DiD,,high confidence,,,,,,,,,
behavior_784803_2025-07-01_13-58-26,784803,011b03cd-0adb-403d-a0b9-1cfd0ab2b630,4b6243f9-ea88-4f8b-a2c5-df664969ed64,5049eee3-6dc4-4c47-bfee-45441615cb04,62069cc2-c95b-4d64-99f9-7818c87382e0,45d24660-1d22-4ff6-937d-357081308f0e,,L,L,cm-DiI,,high confidence,,,,,,,,,
behavior_784803_2025-07-02_13-41-41,784803,6d95a3b7-0e7c-488d-b249-cb2f83fb0307,cb338e1a-756d-4d6d-9875-d21fe043c9d1,5049eee3-6dc4-4c47-bfee-45441615cb04,62069cc2-c95b-4d64-99f9-7818c87382e0,45d24660-1d22-4ff6-937d-357081308f0e,,L,L,cm-DiD,,high confidence,,,,,,,,,
behavior_784803_2025-07-03_13-55-13,784803,12fb8b25-7f2a-4f43-9936-a23df87c5c5c,08a06f8c-ce5f-4a4f-953f-e7662f3a1c71,5049eee3-6dc4-4c47-bfee-45441615cb04,62069cc2-c95b-4d64-99f9-7818c87382e0,45d24660-1d22-4ff6-937d-357081308f0e,,R,R,cm-DiI,,high confidence,,,,,,,,,
behavior_752014_2025-03-25_12-09-20,752014,a51c6d11-c613-4d43-a392-0ece255e5c5a,600cd517-3fd4-45fa-86c6-f6a31c885559,ab4ebb46-c0bb-48d2-a4d7-53337f0e0fda,04e790d6-e2c9-4902-9f0b-1cd960c6caf3,7a714184-5cfd-40df-994b-ca50c8aa8b95,,3LR,R,cm-DiI,,med confidence,A,,HH R3,,No,Yes,,,
behavior_752014_2025-03-26_11-18-57,752014,adaef4d0-b0d8-494e-a42e-ccdb5dad4312,634e80f4-4cbd-4174-932b-e820d20bec5b,ab4ebb46-c0bb-48d2-a4d7-53337f0e0fda,04e790d6-e2c9-4902-9f0b-1cd960c6caf3,7a714184-5cfd-40df-994b-ca50c8aa8b95,,R,R,cm-DiD,,high confidence,A,track dye mixed with 3-28,HH R3,,No,Yes,,,
behavior_752014_2025-03-27_12-03-59,752014,c8d71ede-4701-4600-8e67-ac4b97bc7fff,95795eaf-6834-4e5f-bd56-3471f6979a20,ab4ebb46-c0bb-48d2-a4d7-53337f0e0fda,04e790d6-e2c9-4902-9f0b-1cd960c6caf3,7a714184-5cfd-40df-994b-ca50c8aa8b95,,2LR,R,cm-DiD,,high confidence,A,,HH R3,,No,Yes,,,
behavior_752014_2025-03-28_11-04-59,752014,8bcb9868-218e-44e8-8e74-76b640e84427,21257274-e4a2-411f-89a1-9ab7dd2620f5,ab4ebb46-c0bb-48d2-a4d7-53337f0e0fda,04e790d6-e2c9-4902-9f0b-1cd960c6caf3,7a714184-5cfd-40df-994b-ca50c8aa8b95,,R,R,cm-DiI,,med confidence,A,track dye mixed with 3-28,HH R3,,No,Yes,,,
behavior_781166_2025-05-13_14-04-27,781166,ce657082-bdc7-494b-830e-8c49c620fe91,6e05ed36-0f2c-477c-beb8-b88e40028328,7f630f63-ccf8-4ed2-85d1-f2272974e586,ef33c13d-6341-470f-80da-165c0cf3a798,99ddc403-b61e-4a81-98f9-3d412466a1cd,,L,L,cm-DiI,,high confidence,,,,,,,,,
behavior_781166_2025-05-14_14-18-28,781166,a94d3d93-96b3-4d5f-9fc1-2cc85a94982f,f9a2af75-5b9e-4b1e-9f5e-1ca05bc68930,7f630f63-ccf8-4ed2-85d1-f2272974e586,ef33c13d-6341-470f-80da-165c0cf3a798,99ddc403-b61e-4a81-98f9-3d412466a1cd,,2L,L,cm-DiD,,high confidence,,,,,,,,,
behavior_781166_2025-05-15_14-20-51,781166,84d1c8ff-d5f8-48bd-bb16-dc98fc8c9786,cdd974b2-7934-42cb-aedb-e6d65791678d,7f630f63-ccf8-4ed2-85d1-f2272974e586,ef33c13d-6341-470f-80da-165c0cf3a798,99ddc403-b61e-4a81-98f9-3d412466a1cd,,R,R,cm-DiI,,high confidence,,,,,,,,,
behavior_781166_2025-05-16_14-16-34,781166,cf507273-9d66-40d2-b3b4-1222c2138975,5363fef5-75d8-40d2-9e92-0015bbce033d,7f630f63-ccf8-4ed2-85d1-f2272974e586,ef33c13d-6341-470f-80da-165c0cf3a798,99ddc403-b61e-4a81-98f9-3d412466a1cd,,R,R,cm-DiD,,high confidence,,,,,,,,,
behavior_763590_2025-05-01_10-59-18,763590,7da1cc31-8dd2-4634-8613-3ee3a2f69ca6,e45c0cf4-b7a0-4dec-9e47-7a994ae6c157,cbf9fff8-2370-4ff6-9c39-88a48583c637,29206d3e-2f55-4e99-bfcd-ec83b7a4a99b,be1d7a25-4ccd-49e3-9466-3cc948be08f3,,L,L,cm-DiI,,high confidence,,,,,,,,,
behavior_763590_2025-05-02_11-07-09,763590,b80fbbbe-adca-43af-b382-1ee4b5a5404f,49fc978f-1637-4b24-a182-a4a8cff170aa,cbf9fff8-2370-4ff6-9c39-88a48583c637,29206d3e-2f55-4e99-bfcd-ec83b7a4a99b,be1d7a25-4ccd-49e3-9466-3cc948be08f3,,L,L,cm-DiD,,high confidence,,,,,,,,,